customer_id,lifetime_value
CUST28,5403.87
CUST6,4926.4400000000005
CUST18,4315.92
CUST34,4263.62
CUST25,4092.14
CUST49,3951.8099999999995
CUST40,3854.5
CUST3,3129.94
CUST35,2988.63
CUST39,2970.41
